ccid,q1,q2,q3,overall (points),overall (%)
agerun,4,5,6,15,100.0
bgerun,4,5,0,9,60.0
cgerun,4,5,6,15,100.0
dgerun,4,0,6,10,66.66666666666666
egerun,0,5,6,11,73.33333333333333
fgerun,4,0,6,10,66.66666666666666
